Correct_Wording,SMS_Wording
Am I Right,Amirite
Am I Right,amirite
As Far As I Know,afaik
As Far As I Know,AFAIK
As Soon As Possible,asap
As Soon As Possible,ASAP
At,@
At The Moment,ATM
as fuck,af
as fuck,AF
Away From Keyboard,afk
Away From Keyboard,AFK
Be Right Back,brb
Be Right Back,BRB
Because,b/c
Because,B/C
Boyfriend,BF
Best Friend Forever,BFF
By The Way,btw
By The Way,BTW
Bye For Now,BFN
Chicks,CHX
Christmas,xmas
For Real,FR
For The Win,ftw
For The Win,FTW
For Your Information,fyi
For Your Information,FYI
Get The Fuck Out,gtfo
Get The Fuck Out,GTFO
Girlfriend,GF
Good Game,GG
Good night,GN
laugh,hh
Have A Nice Day,HAND
How I feel when,HIFW
Hugs And Kisses,XOXO
Happy Birthday,HBD
Hugs And Kisses,HAK
I am not coming back,IACB
I do not care,idc
I do not care,IDC
I do not know,idk
I do not know,IDK
I Feel Your Pain,IFYP
I Hate You,IH8U
I have no idea,IHNI
I Know Right,IKR
I Love You,ily
I Love You,ILY
I Love You,ILU
I Miss You,imy
I Miss You,IMY
In Real Life,IRL
If I Remember Correctly,IIRC
In My Honest Opinion,imho
In My Honest Opinion,IMHO
In My Opinion,imo
In My Opinion,IMO
Just Kidding,jk
Just Kidding,JK
Just so you know,JSYK
Keep It Simple Stupid,KISS
Keeping parents clueless,KPS
Late,l8r
Laugh,LMAO
Laugh,LOL
Love,<3
Loving The Weather Today,LTWT
My face when,MFW
My reaction when,MRW
Message,MSG
Nevermind,nvm
Nevermind,NVM
No problem,no problem
No problem,NP
Not a Number,NaN
Oh My God,omg
Oh My God,OMG
On The Way,OTW
Overpowered,OP
Parent at home,PAH
Parent behind back,PBB
Parent in the room,PITR
Parent over my shoulder,POMS
Parents are watching,PAW
Profile picture,PFP
Please,PLS
Public Service Announcement,PSA
Please,PLZ
Read the fucking manual,RTFM
Really,RLY
Laugh,rofl
Laugh,ROFL
Rolling on the Floor Laughing,ROTFL
Sealed With a Kiss,SWAK
See You,CU
See You Later,CUL8R
Shaking My Head,SMH
Shut The Fuck Up,STFU
shout out,SO
Tired,zzz
Tired,ZZZ
So Much,SM
So What's Your Problem?,SWYP
Stop What You're Doing,SWYD
Such A Laugh,SAL
Talk To You Later,ttyl
Talk To You Later,TTYL
Thank You so Much,TYSM
Thank you,ty
Thank you,TY
Thanks,thx
Thanks,THX
That Feel When,TFW
That Makes Sense,TMS
Thinking of You,TOU
Tonight,2nite
Tonight,2NYT
To Be Announced,TBA
To Be Honest,tbh
To Be Honest,TBH
Too Long Didn't Read,tldr
Too Long Didn't Read,TLDR
Too Much Information,TMI
Trying Not To Laugh,TNTL
You Only Live Once,yolo
You Only Live Once,YOLO
You're on Your Own,YOYO
You are welcome,YW
You are,ur
You are,UR
very,hella
Very,HELLA
What Are You Doing,WYD
What Do You Mean By That,WDYM
What The Fuck,wtf
What The Fuck,WTF
What The Hell,wth
What The Hell,WTH
Whatever,Whatev
Whatever,whatev
Whatever,whatevs
Whatever,Whatevs
Wish You Were Here,WYWH
With,w/
With,W/
Without,w/o
Without,W/O
Works For Me,WFM
Be,b
See,c
ok,k
ok,kk
Oh,o
You,u
Give Me A Fucking Break,gmafb
Give Me A Fucking Break,GMAFB
Get the fuck out of here,gtfooh
Get the fuck out of here,GTFOOH
Shut the fuck up,stfu
Shut the fuck up,STFU
Hat tip,HT
Retweet,RT
Direct Message,DM
Modified Tweet,MT
Instagram,IG
Facebook,FB
people,ppl
cryptocurrency,Crypto
cryptocurrency,crypto
ethereum,ETh
ethereum,Eth
ethereum,eth
ethereum,ETH
bitcoin,btc
bitcoin,Btc
bitcoin,BTc
bitcoin,BTC
cardano,Ada
cardano,ada
cardano,ADA
dogecoin,Doge
dogecoin,doge
dogecoin,DOGE
binance coin,bnb
binance coin,BNB
tether,USDT
tether,usdt
ethereum,ether
alternate coin,alts
stock,Stonk
stock,STONK
stock,stonk
stock,Stonk
stock,Stonks
stock,STONKS
stock,stonks
stock,Stonks
stock,STONKSS
stock,STONKKSS
